,,,,,,,,,,,,,,,,,,,,,,,,,,,,,,,,,,,,,,,,,,,,,,,,,,,,,,,,,,,,,,,,,,,,,,,,,,,,
"????????? ?? ?????????? ??????? ?????? ?????? ?? ?????. ????????????? ?????? ????????? ??????, ???? ?? ??????? ? ???????? ? ?? 32 ??? ?? ?? ??????????? ??? ? ??????. ?????? ?????? ?? ??????? 39-?? ??? ????? ??????. ??? FBS ???????????? ??????, ??????? ????????? ? 1 ?????, ? ??? FBY  c 11 ????.",,,,,,,,,,,,,,,,,,,,,,,,,,,,,,,,,,,,,,,,,,,,,,,,,,,,,,,,,,,,,,,,,,,,,,,,,,,,
?????????,,,,,,,,,,,,,,,,,,,,,,,,,,,,,,,,,,,,,,,,,,,,,,,,,,,,,,,,,,,,,,,,,,,,,,,,,,,,
,,,,,,,,,,,,,,,,,,,,,,,,,,,,,,,,,,,,,,,,,,,,,,,,,,,,,,,,,,,,,,,,,,,,,,,,,,,,
,,,,,,,,,,,,,,,,,,,,,,,,,,,,,,,,,,,,,,,,,,,,,,,,,,,,,,,,,,,,,,,,,,,,,,,,,,,,
?????????? ? ??????? ? ???????? ?? ???,,,,,,,,,,,,,,,,,,,,,,,,,,,,,,,,,,,,,,,,,,,,,,,,,,,,,,,,,,,,,,,,,,,,,,,,,,,,
,,,,,,,,,,,,,,,,,,,,,,,,,,,,,,,,,,,,,,,,,,,,,,,,,,,,,,,,,,,,,,,,,,,,,,,,,,,,
?????????? ? ???????,,,,,,,?????????? ? ???????,,,,,,,,,,,,,,,,,,,,,,,?????? ??????????,,,,,????? ?? ?????? ??????? ? ?????? ?????? ????,,?????? ?? ?????? ???????,,,,,?????? ?? ?????? ?? ??????? ???????????,,,,,?????? ?? ?????? ?????? ????,,,,,??????? ??????? ??????????,,,,,??????? ??????? ?? ?????? ???????,,,,,??????? ??????? ?? ?????? ?? ??????? ???????????,,,,,??????? ??????? ?? ?????? ?????? ????,,,,,??????? ???????? ?????????? ??? ???????? ?????? ????????????? ????????,,,,
ID ??????-????????,?????? ??????,ID ?????????,???????? ?????????,???,?????? ????????? ?? ??????????,?????? ????????? ?? ???????????,????? ??????,??? ????? ??????,???? ??????????,??? ??????,??? SKU,???????? ??????,"???? ???? (?? ??.), ?","???? ??????? (?? ??.), ?","??? ????? ???????? ???? ??? ??????? ? ???????????????? ?? ?????? ?????????? ?????? (?? ??.), ?","???? ??????, ???? ????? ?????????? ? ???????????????? (?? ??.), ?","?????? ???????, ???? ????? ?????????? ? ????????????????, ?","?????? ?????? ??????? (?? ??.), ?",?????? ???????????? (?? ??.),,???????? ? ????????,?????????? ??? ??????????,???? ???????? ??????,?????? ??????,?????? ???????,?????? ??????,????? ????????,???? ????????,?????? ????????,????? ???????,????? ?????????? ?????????,???? ?????????? ?????????,????????????? ???????,???? ??????? ????????,????? ??????,?????? (?????????),????? ???????,????? ?????????? ?????????,???? ?????????? ?????????,????????????? ???????,???? ??????? ????????,????? ???????,????? ?????????? ?????????,???? ?????????? ?????????,????????????? ???????,???? ??????? ????????,????? ???????,????? ?????????? ?????????,???? ?????????? ?????????,????????????? ???????,???? ??????? ????????,????? ????????,????? ?????????? ?????????,???? ?????????? ?????????,????????????? ???????,???? ??????? ????????,????? ????????,????? ?????????? ?????????,???? ?????????? ?????????,????????????? ???????,???? ??????? ????????,????? ????????,????? ?????????? ?????????,???? ?????????? ?????????,????????????? ???????,???? ??????? ????????,????? ????????,????? ?????????? ?????????,???? ?????????? ?????????,????????????? ???????,???? ??????? ????????,?????????? ?????,????? ?????????? ?????????,???? ?????????? ?????????,????????????? ???????,???? ??????? ????????
,,,,,,,,,,,,,,,,,,,"?????? ???????? ??????????? (?? ??.), ?","?????? ??????? ?????? ????? (?? ??.), ?",,,,,,,,,,,,,,,,,,,,,,,,,,,,,,,,,,,,,,,,,,,,,,,,,,,,,,,,
187548892,FBS,216423567,BUDs 2,772351919217,42137076/25,,55632648065,55632648065,01.04.2026,??????? ???????,Diantus-roz-9,????? ????? ?????? ?? 9 ????????? ?????????? ???????? ????? ? ??????? ????????,2289.00,2289.00,,,,235.00,0.00,0.00,1,1,01.04.2026,????????? ??????????,2026-04-01 16:15:27,?????????? ?????????? ??????,BUDs 2,01.04.2026,????????,2054.00,76802,13.04.2026,1376295418,01.04.2026,235,???????? ??????,,,,,,,,,,,,,,,,,,,,,,,,,,,,,,,,,,,,,,,,
187548892,FBS,216423567,BUDs 2,772351919217,42137076/25,,56198771008,56198771008,18.04.2026,??????? ???????,Alst-60-mix-11,????? ????? ?????? ?? ????? ???????????? ????????????,2337.00,2337.00,,,,274.00,0.00,0.00,1,1,18.04.2026,????????? ??????????,2026-04-18 12:11:00,?????????? ?????????? ??????,BUDs 2,18.04.2026,??????,2063.00,,,,,274,???????? ??????,,,,,,,,,,,,,,,,,,,,,,,,,,,,,,,,,,,,,,,,
187548892,FBS,216423567,BUDs 2,772351919217,42137076/25,,55372563201,55372563201,24.03.2026,??????? ???????,Hrez-bel-5,????? ?????? ???????? - ??? ????? ????? ?????? ?? ???????? ????????? ?????? ?????,2459.00,2459.00,,,,287.00,0.00,0.00,1,1,24.03.2026,????????? ??????????,2026-03-24 16:47:50,?????????? ?????????? ??????,BUDs 2,24.03.2026,????????? ????? ????????,2172.00,56433,06.04.2026,1366719100,24.03.2026,287,???????? ??????,,,,,,,,,,,,,,,,,,,,,,,,,,,,,,,,,,,,,,,,
187548892,FBS,216423567,BUDs 2,772351919217,42137076/25,,56198634305,56198634305,18.04.2026,??????? ???????,Alst-60-mix-23,????? ????? ?????? ????? ????????????  ????? ?????? ? ?????? ???????!,5007.00,5007.00,,,,1094.00,0.00,0.00,,1,,???????,2026-04-18 10:09:04,?????????? ?????????? ??????,BUDs 2,18.04.2026,????????? ?????,3913.00,,,,,,,,,,,,,,,,,,,,,,-3913.00,,,,,,,,,,,,,,,,,,,,,,,,
187548892,FBS,216423567,BUDs 2,772351919217,42137076/25,,56139915456,56139915456,16.04.2026,??????? ???????,Alst-60-mix-7,"????????? ""???? ????????????"", ?? ???????, ?????? 60 ??, ????????",2108.00,2108.00,,,,593.00,0.00,0.00,1,1,16.04.2026,????????? ??????????,2026-04-16 14:01:28,?????????? ?????????? ??????,BUDs 2,16.04.2026,??????,1515.00,,,,,593,???????? ??????,,,,,,,,,,,,,,,,,,,,,,,,,,,,,,,,,,,,,,,,
187548892,FBS,216423567,BUDs 2,772351919217,42137076/25,,56282570560,56282570560,20.04.2026,??????? ???????,Sharm40-21-E,????? ????? ?????? ?? 21 ???? ????? ??????? ????????? ????? ? ??????????? ????????? ? ??????? ????????,4546.00,4546.00,,,,1480.00,0.00,3065.00,1,1,21.04.2026,????????? ??????????,2026-04-21 12:07:01,?????????? ?????????? ??????,BUDs 2,21.04.2026,??????,1.00,,,,,4545,???????? ??????,,,,,,,,,,,,,,,,,,,,,,,,,,,,,,,,,,,,,,,,
187548892,FBS,216423567,BUDs 2,772351919217,42137076/25,,54692781186,54692781186,02.03.2026,??????? ???????,Hrez-bel-5,????? ?????? ???????? - ??? ????? ????? ?????? ?? ???????? ????????? ?????? ?????,2592.00,2592.00,,,,304.00,0.00,0.00,1,1,03.03.2026,????????? ??????????,2026-03-03 11:35:59,?????????? ?????????? ??????,BUDs 2,03.03.2026,??????,2288.00,55384,13.03.2026,1342443112,02.03.2026,304,???????? ??????,,,,,,,,,,,,,,,,,,,,,,,,,,,,,,,,,,,,,,,,
187548892,FBS,216423567,BUDs 2,772351919217,42137076/25,,55996887105,55996887105,11.04.2026,??????? ???????,Country Blues-50-7,"????? ????? ??????, ??????-???????? ????? ????? Country Blues ?? ??????????? ??? ??????? 50 ??",5132.00,5132.00,,,,1478.00,0.00,0.00,1,1,12.04.2026,????????? ??????????,2026-04-12 11:12:30,?????????? ?????????? ??????,BUDs 2,12.04.2026,?????????? ?????,3654.00,98708,20.04.2026,1389639648,12.04.2026,1478,???????? ??????,,,,,,,,,,,,,,,,,,,,,,,,,,,,,,,,,,,,,,,,
187548892,FBS,216423567,BUDs 2,772351919217,42137076/25,,56080763200,56080763200,14.04.2026,??????? ???????,Sharm-40-15,????? ????? ?????? ?? 15 ??? ????? ??????? ????????? ????? ? ??????? ????????,2783.00,2783.00,,,,605.00,0.00,0.00,1,1,14.04.2026,????????? ??????????,2026-04-14 20:53:18,?????????? ?????????? ??????,BUDs 2,14.04.2026,??????,2178.00,98708,20.04.2026,1392306638,14.04.2026,605,???????? ??????,,,,,,,,,,,,,,,,,,,,,,,,,,,,,,,,,,,,,,,,
187548892,FBS,216423567,BUDs 2,772351919217,42137076/25,,56214348608,56214348608,18.04.2026,??????? ???????,Hrez-bel-7,????? ?????? ???????? - ??? ????? ????? ?????? ?? ???????? ????????? ?????? ?????,2435.00,2435.00,,,,273.00,0.00,0.00,1,1,19.04.2026,????????? ??????????,2026-04-19 12:41:17,?????????? ?????????? ??????,BUDs 2,19.04.2026,??????,2162.00,,,,,273,???????? ??????,,,,,,,,,,,,,,,,,,,,,,,,,,,,,,,,,,,,,,,,
187548892,FBS,216423567,BUDs 2,772351919217,42137076/25,,55877708802,,08.04.2026,??????? ???????,Hrez-sir-5-dub,????????? ??????????  ?????? ????? ????? ?????? ?? ???????? ?????????,3105.00,3105.00,,,,890.00,0.00,0.00,,1,,???????,2026-04-08 11:51:49,?????????? ?????????? ??????,BUDs 2,08.04.2026,??????,,,,,,,,,,,,,,,,,,,,,,,,,,,,,,,,,,,,,,,,,,,,,,,
187548892,FBS,216423567,BUDs 2,772351919217,42137076/25,,56200958786,56200958786,18.04.2026,??????? ???????,Alst-50-mix-13,"????????? ""???? ????????????"", ?? ???????, ?????? 50 ??, ????????",4922.00,4922.00,,,,2032.00,0.00,0.00,1,1,18.04.2026,????????? ??????????,2026-04-18 13:27:06,?????????? ?????????? ??????,BUDs 2,18.04.2026,??????,2890.00,,,,,2032,???????? ??????,,,,,,,,,,,,,,,,,,,,,,,,,,,,,,,,,,,,,,,,
187548892,FBS,216423567,BUDs 2,772351919217,42137076/25,,56230396418,56230396418,19.04.2026,??????? ???????,Alst-60-mix-15,????? ????? ?????? ????? ????????????  ????? ?????? ? ?????? ???????!,2941.00,2941.00,,,,254.00,0.00,0.00,1,1,19.04.2026,????????? ??????????,2026-04-19 13:13:58,?????????? ?????????? ??????,BUDs 2,19.04.2026,???????,2687.00,,,,,254,???????? ??????,,,,,,,,,,,,,,,,,,,,,,,,,,,,,,,,,,,,,,,,
187548892,FBS,216423567,BUDs 2,772351919217,42137076/25,,55966558593,55966558593,10.04.2026,??????? ???????,Hrez-sir-5-dub,????????? ??????????  ?????? ????? ????? ?????? ?? ???????? ?????????,3105.00,3105.00,,,,791.00,0.00,0.00,1,1,11.04.2026,????????? ??????????,2026-04-11 11:16:00,?????????? ?????????? ??????,BUDs 2,11.04.2026,??????,2314.00,98708,20.04.2026,1388142345,10.04.2026,791,???????? ??????,,,,,,,,,,,,,,,,,,,,,,,,,,,,,,,,,,,,,,,,
187548892,FBS,216423567,BUDs 2,772351919217,42137076/25,,55282718657,55282718657,21.03.2026,??????? ???????,Sharm-40-15,????? ????? ?????? ?? 15 ??? ????? ??????? ????????? ????? ? ??????? ????????,2772.00,2772.00,,,,417.00,0.00,0.00,1,1,22.03.2026,????????? ??????????,2026-03-22 12:00:48,?????????? ?????????? ??????,BUDs 2,22.03.2026,????????,2355.00,56433,06.04.2026,1363561753,21.03.2026,417,???????? ??????,,,,,,,,,,,,,,,,,,,,,,,,,,,,,,,,,,,,,,,,
187548892,FBS,216423567,BUDs 2,772351919217,42137076/25,,56343851523,,22.04.2026,??????? ???????,Rodos-40-21,"????? ????? ?????? ?? 21 ???? ????? ???????? ?????, ??????? 40 ??",4089.00,4089.00,,,,1221.00,0.00,0.00,,1,,???????,2026-04-22 19:23:24,?????????? ?????????? ??????,BUDs 2,24.04.2026,??????,,,,,,,,,,,,,,,,,,,,,,,,,,,,,,,,,,,,,,,,,,,,,,,
187548892,FBS,216423567,BUDs 2,772351919217,42137076/25,,55882280256,55882280256,08.04.2026,??????? ???????,Alst-60-mix-13,????? ????? ?????? ????? ????????????  ????? ?????? ? ?????? ???????!,4936.00,4936.00,,,,1579.00,0.00,0.00,1,1,09.04.2026,????????? ??????????,2026-04-09 11:54:03,?????????? ?????????? ??????,BUDs 2,09.04.2026,???????,3357.00,98708,20.04.2026,1386146342,09.04.2026,1579,???????? ??????,,,,,,,,,,,,,,,,,,,,,,,,,,,,,,,,,,,,,,,,
187548892,FBS,216423567,BUDs 2,772351919217,42137076/25,,55940802752,55940802752,10.04.2026,??????? ???????,Hrez-bel-7,????? ?????? ???????? - ??? ????? ????? ?????? ?? ???????? ????????? ?????? ?????,2712.00,2712.00,,,,777.00,0.00,0.00,1,1,10.04.2026,????????? ??????????,2026-04-10 11:24:50,?????????? ?????????? ??????,BUDs 2,10.04.2026,??????,1935.00,98708,20.04.2026,1387209039,10.04.2026,777,???????? ??????,,,,,,,,,,,,,,,,,,,,,,,,,,,,,,,,,,,,,,,,
187548892,FBS,216423567,BUDs 2,772351919217,42137076/25,,56284815424,56284815424,20.04.2026,??????? ???????,Sharm-40-15-E,????? ????? ?????? ?? 15 ???? ????? ??????? ????????? ????? ? ??????????? ????????? ? ??????? ????????,3161.00,3161.00,,,,614.00,0.00,0.00,1,1,21.04.2026,????????? ??????????,2026-04-21 12:51:51,?????????? ?????????? ??????,BUDs 2,21.04.2026,??????,2547.00,,,,,614,???????? ??????,,,,,,,,,,,,,,,,,,,,,,,,,,,,,,,,,,,,,,,,
187548892,FBS,216423567,BUDs 2,772351919217,42137076/25,,56163108865,56163108865,17.04.2026,??????? ???????,Hrez-bel-7,????? ?????? ???????? - ??? ????? ????? ?????? ?? ???????? ????????? ?????? ?????,2481.00,2481.00,,,,586.00,0.00,0.00,1,1,17.04.2026,????????? ??????????,2026-04-17 10:30:45,?????????? ?????????? ??????,BUDs 2,17.04.2026,??????,1895.00,,,,,586,???????? ??????,,,,,,,,,,,,,,,,,,,,,,,,,,,,,,,,,,,,,,,,
187548892,FBS,216423567,BUDs 2,772351919217,42137076/25,,56099895361,,15.04.2026,??????? ???????,Alst-60-mix-7,"????????? ""???? ????????????"", ?? ???????, ?????? 60 ??, ????????",2033.00,2033.00,,,,612.00,0.00,0.00,,1,,???????,2026-04-15 10:00:03,?????????? ?????????? ??????,BUDs 2,15.04.2026,???????,,,,,,,,,,,,,,,,,,,,,,,,,,,,,,,,,,,,,,,,,,,,,,,
187548892,FBS,216423567,BUDs 2,772351919217,42137076/25,,55948677440,55948677440,10.04.2026,??????? ???????,Alst-60-mix-23,????? ????? ?????? ????? ????????????  ????? ?????? ? ?????? ???????!,4896.00,4896.00,,,,1399.00,0.00,0.00,1,1,,??????? ??????? ???,2026-04-11 10:13:17,?????????? ?????????? ??????,BUDs 2,11.04.2026,??????,3497.00,,,,,,,,,,,,,,,,,,,,,,-3497.00,,,,,,,,,,,,,,,,,,,,,,,,
187548892,FBS,216423567,BUDs 2,772351919217,42137076/25,,55885676929,55885676929,08.04.2026,??????? ???????,Sharm-40-15,????? ????? ?????? ?? 15 ??? ????? ??????? ????????? ????? ? ??????? ????????,2934.00,2934.00,,,,686.00,0.00,0.00,1,1,09.04.2026,????????? ??????????,2026-04-09 13:11:41,??????.????? (??????????),BUDs 2,09.04.2026,??????,2248.00,98708,20.04.2026,1385205976,08.04.2026,686,???????? ??????,,,,,,,,,,,,,,,,,,,,,,,,,,,,,,,,,,,,,,,,
187548892,FBS,216423567,BUDs 2,772351919217,42137076/25,,55596308290,55596308290,31.03.2026,??????? ???????,Alst-60-mix-7,"????????? ""???? ????????????"", ?? ???????, ?????? 60 ??, ????????",2103.00,2103.00,,,,613.00,0.00,0.00,1,1,01.04.2026,????????? ??????????,2026-04-01 10:24:38,?????????? ?????????? ??????,BUDs 2,01.04.2026,???????,1490.00,76802,13.04.2026,1375020296,31.03.2026,613,???????? ??????,,,,,,,,,,,,,,,,,,,,,,,,,,,,,,,,,,,,,,,,
187548892,FBS,216423567,BUDs 2,772351919217,42137076/25,,55596323394,55596323394,31.03.2026,??????? ???????,Alst-60-mix-19,????? ????? ?????? ????? ????????????  ????? ?????? ? ?????? ???????!,4569.00,4569.00,,,,1592.00,0.00,0.00,,1,,???????,2026-03-31 12:58:49,?????????? ?????????? ??????,BUDs 2,31.03.2026,??????,2977.00,,,,,,,,,,,,,,,,,,,,,,-2977.00,,,,,,,,,,,,,,,,,,,,,,,,
187548892,FBS,216423567,BUDs 2,772351919217,42137076/25,,56044826369,56044826369,13.04.2026,??????? ???????,Alst-60-mix-9,????? ????? ?????? ?? ????? ???????????? ????????????,1962.00,1962.00,,,,261.00,0.00,0.00,1,1,13.04.2026,????????? ??????????,2026-04-13 15:17:48,?????????? ?????????? ??????,BUDs 2,13.04.2026,????????,1701.00,98708,20.04.2026,1390944303,13.04.2026,261,???????? ??????,,,,,,,,,,,,,,,,,,,,,,,,,,,,,,,,,,,,,,,,
187548892,FBS,216423567,BUDs 2,772351919217,42137076/25,,55403068353,55403068353,25.03.2026,??????? ???????,Alst-60-mix-7,"????????? ""???? ????????????"", ?? ???????, ?????? 60 ??, ????????",2215.00,2215.00,,,,822.00,0.00,0.00,1,1,25.03.2026,????????? ??????????,2026-03-25 15:38:15,?????????? ?????????? ??????,BUDs 2,25.03.2026,???????,1393.00,56433,06.04.2026,1367824969,25.03.2026,822,???????? ??????,,,,,,,,,,,,,,,,,,,,,,,,,,,,,,,,,,,,,,,,
187548892,FBS,216423567,BUDs 2,772351919217,42137076/25,,56295260930,56295260930,21.04.2026,??????? ???????,Diantus-Troz-15,????? ????? ?????? ?? 15 ????????? (???????) ??????????? ???????? ????? ? ??????? ????????,5440.00,5440.00,,,,1908.00,0.00,0.00,1,1,21.04.2026,????????? ??????????,2026-04-21 14:24:54,?????????? ?????????? ??????,BUDs 2,21.04.2026,???????,3532.00,,,,,1908,???????? ??????,,,,,,,,,,,,,,,,,,,,,,,,,,,,,,,,,,,,,,,,
187548892,FBS,216423567,BUDs 2,772351919217,42137076/25,,55863809344,55863809344,08.04.2026,??????? ???????,Alst-60-mix-25,????? ????? ?????? ????? ????????????  ????? ?????? ? ?????? ???????!,5000.00,5000.00,,,,1367.00,0.00,0.00,1,1,08.04.2026,????????? ??????????,2026-04-08 13:34:01,?????????? ?????????? ??????,BUDs 2,08.04.2026,??????,3633.00,98708,20.04.2026,1384864714,08.04.2026,1367,???????? ??????,,,,,,,,,,,,,,,,,,,,,,,,,,,,,,,,,,,,,,,,
187548892,FBS,216423567,BUDs 2,772351919217,42137076/25,,56102777154,56102777154,15.04.2026,??????? ???????,Alst-60-mix-9,????? ????? ?????? ?? ????? ???????????? ????????????,1962.00,1962.00,,,,135.00,0.00,0.00,1,1,15.04.2026,????????? ??????????,2026-04-15 13:28:55,?????????? ?????????? ??????,BUDs 2,15.04.2026,??????,1827.00,,,,,135,???????? ??????,,,,,,,,,,,,,,,,,,,,,,,,,,,,,,,,,,,,,,,,
187548892,FBS,216423567,BUDs 2,772351919217,42137076/25,,56010215363,56010215363,12.04.2026,??????? ???????,Hrez-sir-5-dub,????????? ??????????  ?????? ????? ????? ?????? ?? ???????? ?????????,2747.00,2747.00,,,,717.00,0.00,0.00,,1,,???????,2026-04-12 12:18:42,?????????? ?????????? ??????,BUDs 2,12.04.2026,?????????,2030.00,,,,,,,,,,,,,,,,,,,,,,-2030.00,,,,,,,,,,,,,,,,,,,,,,,,
187548892,FBS,216423567,BUDs 2,772351919217,42137076/25,,56073478146,56073478146,14.04.2026,??????? ???????,Alst-60-mix-7,"????????? ""???? ????????????"", ?? ???????, ?????? 60 ??, ????????",2108.00,2108.00,,,,582.00,0.00,0.00,,1,,???????,2026-04-14 12:48:36,?????????? ?????????? ??????,BUDs 2,14.04.2026,??????,,,,,,,,,,,,,,,,,,,,,,,,,,,,,,,,,,,,,,,,,,,,,,,
187548892,FBS,216423567,BUDs 2,772351919217,42137076/25,,56061128130,56061128130,13.04.2026,??????? ???????,Hrez-bel-7,????? ?????? ???????? - ??? ????? ????? ?????? ?? ???????? ????????? ?????? ?????,2816.00,2816.00,,,,807.00,0.00,0.00,1,1,14.04.2026,????????? ??????????,2026-04-14 12:56:53,?????????? ?????????? ??????,BUDs 2,14.04.2026,??????,2009.00,98708,20.04.2026,1391892686,14.04.2026,807,???????? ??????,,,,,,,,,,,,,,,,,,,,,,,,,,,,,,,,,,,,,,,,
187548892,FBS,216423567,BUDs 2,772351919217,42137076/25,,56169264195,56169264195,17.04.2026,??????? ???????,Hrez-bel-7,????? ?????? ???????? - ??? ????? ????? ?????? ?? ???????? ????????? ?????? ?????,2816.00,2816.00,,,,699.00,0.00,0.00,1,1,17.04.2026,????????? ??????????,2026-04-17 12:18:49,?????????? ?????????? ??????,BUDs 2,17.04.2026,??????,2117.00,,,,,699,???????? ??????,,,,,,,,,,,,,,,,,,,,,,,,,,,,,,,,,,,,,,,,
187548892,FBS,216423567,BUDs 2,772351919217,42137076/25,,56009836993,56009836993,12.04.2026,??????? ???????,Diantus-brut-29,????? ????? ?????? ?? 29 ????? ??????? ??????? ????? ? ??????? ????????,7900.00,7900.00,,,,3565.00,0.00,0.00,1,1,12.04.2026,????????? ??????????,2026-04-12 15:40:17,??????? ??????? ????????,BUDs 2,12.04.2026,??????,4335.00,98708,20.04.2026,1389732213,12.04.2026,3565,???????? ??????,,,,,,,,,,,,,,,,,,,,,,,,,,,,,,,,,,,,,,,,
187548892,FBS,216423567,BUDs 2,772351919217,42137076/25,,55465923395,55465923395,27.03.2026,??????? ???????,Alst-60-mix-7,"????????? ""???? ????????????"", ?? ???????, ?????? 60 ??, ????????",2207.00,2207.00,,,,677.00,0.00,150.00,1,1,27.03.2026,????????? ??????????,2026-03-27 14:42:06,??????.????? (??????????),BUDs 2,27.03.2026,???????,1380.00,56433,06.04.2026,1370143357,27.03.2026,827,???????? ??????,,,,,,,,,,,,,,,,,,,,,,,,,,,,,,,,,,,,,,,,
187548892,FBS,216423567,BUDs 2,772351919217,42137076/25,,55950880835,55950880835,10.04.2026,??????? ???????,Diantus-roz/eucal-29,????? ????? ?????? ?? 29 ????????? (???????) ?????????? ???????? ????? ? ?????????? ? ??????? ????????,6427.00,6427.00,,,,2366.00,0.00,0.00,,1,,???????,2026-04-10 14:28:47,?????????? ?????????? ??????,BUDs 2,10.04.2026,??????,,,,,,,,,,,,,,,,,,,,,,,,,,,,,,,,,,,,,,,,,,,,,,,
187548892,FBS,216423567,BUDs 2,772351919217,42137076/25,,55522725313,55522725313,29.03.2026,??????? ???????,Hrez-bel-5,????? ?????? ???????? - ??? ????? ????? ?????? ?? ???????? ????????? ?????? ?????,2459.00,2459.00,,,,282.00,0.00,0.00,1,1,29.03.2026,????????? ??????????,2026-03-29 13:35:33,??????.????? (??????????),BUDs 2,29.03.2026,????????,2177.00,56433,06.04.2026,1372335757,29.03.2026,282,???????? ??????,,,,,,,,,,,,,,,,,,,,,,,,,,,,,,,,,,,,,,,,
187548892,FBS,216423567,BUDs 2,772351919217,42137076/25,,55877499074,55877499074,08.04.2026,??????? ???????,Hrez-sir-5-dub,????????? ??????????  ?????? ????? ????? ?????? ?? ???????? ?????????,3105.00,3105.00,,,,890.00,0.00,0.00,,1,,???????,2026-04-08 11:47:14,??????.????? (??????????),BUDs 2,08.04.2026,??????,2215.00,,,,,,,,,,,,,,,,,,,,,,-2215.00,,,,,,,,,,,,,,,,,,,,,,,,
187548892,FBS,216423567,BUDs 2,772351919217,42137076/25,,55467934210,55467934210,27.03.2026,??????? ???????,Alst-60-mix-25,????? ????? ?????? ????? ????????????  ????? ?????? ? ?????? ???????!,5197.00,5197.00,,,,1910.00,0.00,0.00,1,1,28.03.2026,????????? ??????????,2026-03-28 11:08:57,?????????? ?????????? ??????,BUDs 2,28.03.2026,??????,3287.00,56433,06.04.2026,1370210331,27.03.2026,1910,???????? ??????,,,,,,,,,,,,,,,,,,,,,,,,,,,,,,,,,,,,,,,,
187548892,FBS,216423567,BUDs 2,772351919217,42137076/25,,56046583425,56046583425,13.04.2026,??????? ???????,Alst-60-mix-7,"????????? ""???? ????????????"", ?? ???????, ?????? 60 ??, ????????",2600.00,2600.00,,,,655.00,0.00,904.00,1,1,13.04.2026,????????? ??????????,2026-04-13 18:41:19,?????????? ?????????? ??????,BUDs 2,13.04.2026,??????,1041.00,98708,20.04.2026,1391015129,13.04.2026,1559,???????? ??????,,,,,,,,,,,,,,,,,,,,,,,,,,,,,,,,,,,,,,,,
187548892,FBS,216423567,BUDs 2,772351919217,42137076/25,,56247906945,56247906945,19.04.2026,??????? ???????,Alst-60-mix-15,????? ????? ?????? ????? ????????????  ????? ?????? ? ?????? ???????!,3240.00,3240.00,,,,314.00,0.00,0.00,1,1,19.04.2026,????????? ??????????,2026-04-19 20:52:37,?????????? ?????????? ??????,BUDs 2,19.04.2026,????????,2926.00,,,,,314,???????? ??????,,,,,,,,,,,,,,,,,,,,,,,,,,,,,,,,,,,,,,,,
187548892,FBS,216423567,BUDs 2,772351919217,42137076/25,,55669175810,55669175810,02.04.2026,??????? ???????,Alst-60-mix-13,????? ????? ?????? ????? ????????????  ????? ?????? ? ?????? ???????!,4936.00,4936.00,,,,1741.00,0.00,0.00,1,1,02.04.2026,????????? ??????????,2026-04-02 15:36:42,?????????? ?????????? ??????,BUDs 2,02.04.2026,??????????,3195.00,76802,13.04.2026,1377623263,02.04.2026,1741,???????? ??????,,,,,,,,,,,,,,,,,,,,,,,,,,,,,,,,,,,,,,,,
187548892,FBS,216423567,BUDs 2,772351919217,42137076/25,,56034081088,56034081088,13.04.2026,??????? ???????,Alst-60-mix-15,????? ????? ?????? ????? ????????????  ????? ?????? ? ?????? ???????!,3999.00,3999.00,,,,524.00,0.00,0.00,,1,,???????,2026-04-13 09:10:32,??????.????? (??????????),BUDs 2,13.04.2026,????????,3475.00,,,,,,,,,,,,,,,,,,,,,,-3475.00,,,,,,,,,,,,,,,,,,,,,,,,
187548892,FBS,216423567,BUDs 2,772351919217,42137076/25,,56109466304,56109466304,15.04.2026,??????? ???????,Alst-60-mix-17,????? ????? ?????? ????? ????????????  ????? ?????? ? ?????? ???????!,3873.00,3873.00,,,,694.00,0.00,0.00,1,1,15.04.2026,????????? ??????????,2026-04-15 17:44:03,?????????? ?????????? ??????,BUDs 2,15.04.2026,??????,3179.00,,,,,694,???????? ??????,,,,,,,,,,,,,,,,,,,,,,,,,,,,,,,,,,,,,,,,
187548892,FBS,216423567,BUDs 2,772351919217,42137076/25,,55999596162,55999596162,11.04.2026,??????? ???????,Alst-60-mix-7,"????????? ""???? ????????????"", ?? ???????, ?????? 60 ??, ????????",2104.00,2104.00,,,,634.00,0.00,0.00,1,1,12.04.2026,????????? ??????????,2026-04-12 13:44:50,?????????? ?????????? ??????,BUDs 2,12.04.2026,???????,1470.00,98708,20.04.2026,1389809181,12.04.2026,634,???????? ??????,,,,,,,,,,,,,,,,,,,,,,,,,,,,,,,,,,,,,,,,
187548892,FBS,216423567,BUDs 2,772351919217,42137076/25,,56196935874,56196935874,18.04.2026,??????? ???????,Diantus-fiolet-21,????? ????? ?????? ?? 21 ????????? (???????) ????? ?????????? ????? ? ??????? ????????,5853.00,5853.00,,,,2055.00,0.00,0.00,1,1,19.04.2026,????????? ??????????,2026-04-19 12:52:47,?????????? ?????????? ??????,BUDs 2,19.04.2026,?????????,3798.00,,,,,2055,???????? ??????,,,,,,,,,,,,,,,,,,,,,,,,,,,,,,,,,,,,,,,,
187548892,FBS,216423567,BUDs 2,772351919217,42137076/25,,55437845504,55437845504,26.03.2026,??????? ???????,Alst-60-mix-9,????? ????? ?????? ?? ????? ???????????? ????????????,2494.00,2494.00,,,,486.00,0.00,0.00,1,1,26.03.2026,????????? ??????????,2026-03-26 16:24:58,?????????? ?????????? ??????,BUDs 2,26.03.2026,??????,2008.00,56433,06.04.2026,1369112281,26.03.2026,486,???????? ??????,,,,,,,,,,,,,,,,,,,,,,,,,,,,,,,,,,,,,,,,
187548892,FBS,216423567,BUDs 2,772351919217,42137076/25,,55886419779,55886419779,08.04.2026,??????? ???????,Sharm-40-33,????? ????? ?????? ?? 33 ??? ????? ??????? ????????? ????? ? ??????? ????????,8482.00,8482.00,,,,3654.00,0.00,0.00,1,1,08.04.2026,????????? ??????????,2026-04-08 19:17:27,?????????? ?????????? ??????,BUDs 2,08.04.2026,??????? ???????,4828.00,98708,20.04.2026,1385451039,08.04.2026,3654,???????? ??????,,,,,,,,,,,,,,,,,,,,,,,,,,,,,,,,,,,,,,,,
187548892,FBS,216423567,BUDs 2,772351919217,42137076/25,,56272416065,56272416065,20.04.2026,??????? ???????,Sharm-40-33,????? ????? ?????? ?? 33 ??? ????? ??????? ????????? ????? ? ??????? ????????,7777.00,7777.00,,,,4235.00,0.00,0.00,1,1,20.04.2026,????????? ??????????,2026-04-20 16:59:36,??????.????? (??????????),BUDs 2,20.04.2026,??????,3542.00,,,,,4235,???????? ??????,,,,,,,,,,,,,,,,,,,,,,,,,,,,,,,,,,,,,,,,
187548892,FBS,216423567,BUDs 2,772351919217,42137076/25,,55589176515,55589176515,31.03.2026,??????? ???????,Alst-50-mix-13,"????????? ""???? ????????????"", ?? ???????, ?????? 50 ??, ????????",5163.00,5163.00,,,,2027.00,0.00,180.00,1,1,31.03.2026,????????? ??????????,2026-03-31 12:05:59,?????????? ?????????? ??????,BUDs 2,31.03.2026,??????,2956.00,56433,06.04.2026,1374797748,31.03.2026,2207,???????? ??????,,,,,,,,,,,,,,,,,,,,,,,,,,,,,,,,,,,,,,,,
187548892,FBS,216423567,BUDs 2,772351919217,42137076/25,,56087627840,56087627840,14.04.2026,??????? ???????,Alst-60-mix-7,"????????? ""???? ????????????"", ?? ???????, ?????? 60 ??, ????????",2108.00,2108.00,,,,566.00,0.00,0.00,1,1,15.04.2026,????????? ??????????,2026-04-15 10:36:31,?????????? ?????????? ??????,BUDs 2,15.04.2026,??????,1542.00,,,,,566,???????? ??????,,,,,,,,,,,,,,,,,,,,,,,,,,,,,,,,,,,,,,,,
187548892,FBS,216423567,BUDs 2,772351919217,42137076/25,,55915539841,,09.04.2026,??????? ???????,Alst-60-mix-25,????? ????? ?????? ????? ????????????  ????? ?????? ? ?????? ???????!,4992.00,4992.00,,,,1202.00,0.00,0.00,,1,,???????,2026-04-09 12:23:34,?????????? ?????????? ??????,BUDs 2,09.04.2026,???????,,,,,,,,,,,,,,,,,,,,,,,,,,,,,,,,,,,,,,,,,,,,,,,
187548892,FBS,216423567,BUDs 2,772351919217,42137076/25,,56293001216,56293001216,21.04.2026,??????? ???????,Sharm-40-15,????? ????? ?????? ?? 15 ??? ????? ??????? ????????? ????? ? ??????? ????????,2673.00,2673.00,,,,578.00,0.00,0.00,1,1,22.04.2026,????????? ??????????,2026-04-22 16:01:48,?????????? ?????????? ??????,BUDs 2,22.04.2026,??????,2095.00,,,,,578,???????? ??????,,,,,,,,,,,,,,,,,,,,,,,,,,,,,,,,,,,,,,,,
187548892,FBS,216423567,BUDs 2,772351919217,42137076/25,,56263523520,56263523520,20.04.2026,??????? ???????,Sharm-40-11-E,????? ????? ?????? ?? 11 ???? ????? ??????? ????????? ????? ? ??????????? ????????? ? ??????? ????????,2765.00,2765.00,,,,111.00,0.00,0.00,1,1,20.04.2026,????????? ??????????,2026-04-20 13:02:34,??????? ??????? ????????,BUDs 2,20.04.2026,????????,2654.00,,,,,111,???????? ??????,,,,,,,,,,,,,,,,,,,,,,,,,,,,,,,,,,,,,,,,
187548892,FBS,216423567,BUDs 2,772351919217,42137076/25,,55974211072,55974211072,11.04.2026,??????? ???????,Alst-60-mix-7,"????????? ""???? ????????????"", ?? ???????, ?????? 60 ??, ????????",2181.00,2181.00,,,,583.00,0.00,0.00,1,1,11.04.2026,????????? ??????????,2026-04-11 13:12:59,??????.????? (??????????),BUDs 2,11.04.2026,??????,1598.00,98708,20.04.2026,1388430899,11.04.2026,583,???????? ??????,,,,,,,,,,,,,,,,,,,,,,,,,,,,,,,,,,,,,,,,
187548892,FBS,216423567,BUDs 2,772351919217,42137076/25,,56066142336,56066142336,14.04.2026,??????? ???????,Alst-60-mix-15,????? ????? ?????? ????? ????????????  ????? ?????? ? ?????? ???????!,3240.00,3240.00,,,,404.00,0.00,0.00,1,1,14.04.2026,????????? ??????????,2026-04-14 11:11:46,??????.????? (??????????),BUDs 2,14.04.2026,????????,2836.00,98708,20.04.2026,1391799785,14.04.2026,404,???????? ??????,,,,,,,,,,,,,,,,,,,,,,,,,,,,,,,,,,,,,,,,
187548892,FBS,216423567,BUDs 2,772351919217,42137076/25,,55801785920,55801785920,06.04.2026,??????? ???????,Diantus-brut-13,????? ????? ?????? ?? 13 ????? ??????? ??????? ????? ? ??????? ????????,5603.00,5603.00,,,,2223.00,0.00,0.00,1,1,06.04.2026,????????? ??????????,2026-04-06 12:29:36,??????.????? (??????????),BUDs 2,06.04.2026,???????,3380.00,76802,13.04.2026,1382240757,06.04.2026,2223,???????? ??????,,,,,,,,,,,,,,,,,,,,,,,,,,,,,,,,,,,,,,,,
187548892,FBS,216423567,BUDs 2,772351919217,42137076/25,,55843552448,55843552448,07.04.2026,??????? ???????,Alst-60-mix-13,????? ????? ?????? ????? ????????????  ????? ?????? ? ?????? ???????!,4778.00,4778.00,,,,1783.00,0.00,0.00,1,1,07.04.2026,????????? ??????????,2026-04-07 15:10:53,?????????? ?????????? ??????,BUDs 2,07.04.2026,???????,2995.00,76802,13.04.2026,1383729701,07.04.2026,1783,???????? ??????,,,,,,,,,,,,,,,,,,,,,,,,,,,,,,,,,,,,,,,,
187548892,FBS,216423567,BUDs 2,772351919217,42137076/25,,56195914179,56195914179,18.04.2026,??????? ???????,Alst-60-mix-9,????? ????? ?????? ?? ????? ???????????? ????????????,1783.00,1783.00,,,,171.00,0.00,0.00,1,1,18.04.2026,????????? ??????????,2026-04-18 14:15:43,?????????? ?????????? ??????,BUDs 2,18.04.2026,??????,1612.00,,,,,171,???????? ??????,,,,,,,,,,,,,,,,,,,,,,,,,,,,,,,,,,,,,,,,
187548892,FBS,216423567,BUDs 2,772351919217,42137076/25,,56208331011,56208331011,18.04.2026,??????? ???????,Alst-60-mix-7,"????????? ""???? ????????????"", ?? ???????, ?????? 60 ??, ????????",1932.00,1932.00,,,,645.00,0.00,245.00,1,1,18.04.2026,????????? ??????????,2026-04-18 16:35:18,?????????? ?????????? ??????,BUDs 2,18.04.2026,??????,1042.00,,,,,890,???????? ??????,,,,,,,,,,,,,,,,,,,,,,,,,,,,,,,,,,,,,,,,
187548892,FBS,216423567,BUDs 2,772351919217,42137076/25,,55611198595,55611198595,31.03.2026,??????? ???????,Alst-60-mix-11,????? ????? ?????? ?? ????? ???????????? ????????????,2482.00,2482.00,,,,219.00,0.00,0.00,1,1,01.04.2026,????????? ??????????,2026-04-01 10:52:38,?????????? ?????????? ??????,BUDs 2,01.04.2026,??????,2263.00,76802,13.04.2026,1375633999,31.03.2026,219,???????? ??????,,,,,,,,,,,,,,,,,,,,,,,,,,,,,,,,,,,,,,,,
187548892,FBS,216423567,BUDs 2,772351919217,42137076/25,,56040120321,56040120321,13.04.2026,??????? ???????,Alst-60-mix-7,"????????? ""???? ????????????"", ?? ???????, ?????? 60 ??, ????????",2523.00,2523.00,,,,1055.00,0.00,0.00,1,1,13.04.2026,????????? ??????????,2026-04-13 17:40:06,?????????? ?????????? ??????,BUDs 2,13.04.2026,??????,1468.00,98708,20.04.2026,1390800874,13.04.2026,1055,???????? ??????,,,,,,,,,,,,,,,,,,,,,,,,,,,,,,,,,,,,,,,,
187548892,FBS,216423567,BUDs 2,772351919217,42137076/25,,56040120321,56040120321,13.04.2026,??????? ???????,Sharm-40-23-E,????? ????? ?????? ?? 23 ??? ????? ??????? ????????? ????? ? ??????????? ????????? ? ??????? ????????,5128.00,5128.00,,,,2280.00,0.00,0.00,1,1,13.04.2026,????????? ??????????,2026-04-13 17:40:06,?????????? ?????????? ??????,BUDs 2,13.04.2026,??????,2848.00,98708,20.04.2026,1390800873,13.04.2026,2280,???????? ??????,,,,,,,,,,,,,,,,,,,,,,,,,,,,,,,,,,,,,,,,
187548892,FBS,216423567,BUDs 2,772351919217,42137076/25,,56140777984,56140777984,16.04.2026,??????? ???????,Country Blues-50-3,"????? ????? ??????, ??????-???????? ????? ????? Country Blues ?? ??????????? ??? ??????? 50 ??",3553.00,3553.00,,,,1156.00,0.00,0.00,1,1,16.04.2026,????????? ??????????,2026-04-16 12:42:56,?????????? ?????????? ??????,BUDs 2,16.04.2026,???????,2397.00,,,,,1156,???????? ??????,,,,,,,,,,,,,,,,,,,,,,,,,,,,,,,,,,,,,,,,
187548892,FBS,216423567,BUDs 2,772351919217,42137076/25,,55515519296,55515519296,28.03.2026,??????? ???????,Alst-60-mix-19,????? ????? ?????? ????? ????????????  ????? ?????? ? ?????? ???????!,4957.00,4957.00,,,,1675.00,0.00,0.00,1,1,29.03.2026,????????? ??????????,2026-03-29 12:11:58,?????????? ?????????? ??????,BUDs 2,29.03.2026,???????,3282.00,56433,06.04.2026,1372474877,29.03.2026,1675,???????? ??????,,,,,,,,,,,,,,,,,,,,,,,,,,,,,,,,,,,,,,,,
187548892,FBS,216423567,BUDs 2,772351919217,42137076/25,,56006018050,56006018050,12.04.2026,??????? ???????,Sharm-40-15,????? ????? ?????? ?? 15 ??? ????? ??????? ????????? ????? ? ??????? ????????,2934.00,2934.00,,,,463.00,0.00,0.00,1,1,12.04.2026,????????? ??????????,2026-04-12 15:06:42,?????????? ?????????? ??????,BUDs 2,12.04.2026,???????,2471.00,98708,20.04.2026,1389793006,12.04.2026,463,???????? ??????,,,,,,,,,,,,,,,,,,,,,,,,,,,,,,,,,,,,,,,,
187548892,FBS,216423567,BUDs 2,772351919217,42137076/25,,56010396611,56010396611,12.04.2026,??????? ???????,Hrez-sir-5-dub,????????? ??????????  ?????? ????? ????? ?????? ?? ???????? ?????????,2747.00,2747.00,,,,717.00,0.00,0.00,1,1,13.04.2026,????????? ??????????,2026-04-13 12:06:04,?????????? ?????????? ??????,BUDs 2,13.04.2026,?????????,2030.00,98708,20.04.2026,1389749309,12.04.2026,717,???????? ??????,,,,,,,,,,,,,,,,,,,,,,,,,,,,,,,,,,,,,,,,
187548892,FBS,216423567,BUDs 2,772351919217,42137076/25,,56173736512,56173736512,17.04.2026,??????? ???????,Alst-60-mix-21,????? ????? ?????? ????? ????????????  ????? ?????? ? ?????? ???????!,5080.00,5080.00,,,,712.00,0.00,0.00,1,1,17.04.2026,????????? ??????????,2026-04-17 14:30:04,?????????? ?????????? ??????,BUDs 2,17.04.2026,??????,4368.00,,,,,712,???????? ??????,,,,,,,,,,,,,,,,,,,,,,,,,,,,,,,,,,,,,,,,
187548892,FBS,216423567,BUDs 2,772351919217,42137076/25,,56278531456,56278531456,20.04.2026,??????? ???????,Diantus-brut-23,????? ????? ?????? ?? 23 ????????? (???????) ?????????? ???????? ?????,8436.00,8436.00,,,,3953.00,0.00,0.00,1,1,20.04.2026,????????? ??????????,2026-04-20 22:36:50,?????????? ?????????? ??????,BUDs 2,20.04.2026,??????,4483.00,,,,,3953,???????? ??????,,,,,,,,,,,,,,,,,,,,,,,,,,,,,,,,,,,,,,,,
187548892,FBS,216423567,BUDs 2,772351919217,42137076/25,,56190370115,56190370115,17.04.2026,??????? ???????,Alst-60-mix-7,"????????? ""???? ????????????"", ?? ???????, ?????? 60 ??, ????????",2108.00,2108.00,,,,507.00,0.00,0.00,1,1,18.04.2026,????????? ??????????,2026-04-18 12:57:44,?????????? ?????????? ??????,BUDs 2,18.04.2026,??????,1601.00,,,,,507,???????? ??????,,,,,,,,,,,,,,,,,,,,,,,,,,,,,,,,,,,,,,,,
187548892,FBS,216423567,BUDs 2,772351919217,42137076/25,,53967434432,53967434432,07.02.2026,??????? ???????,Deep_ purple-60-3,"????? ????? ??????, ?? 3 ??? ?????????? ????? ????? Deep purple ??????? 60 ??",2430.00,2430.00,,,,146.00,0.00,0.00,1,1,07.02.2026,????????? ??????????,2026-02-07 21:02:10,??????.????? (??????????),BUDs 2,07.02.2026,???????,2284.00,46155,13.02.2026,1317062892,07.02.2026,146,???????? ??????,,,,,,,,,,,,,,,,,,,,,,,,,,,,,,,,,,,,,,,,
187548892,FBS,216423567,BUDs 2,772351919217,42137076/25,,55821110081,55821110081,06.04.2026,??????? ???????,Sharm-40-15,????? ????? ?????? ?? 15 ??? ????? ??????? ????????? ????? ? ??????? ????????,2811.00,2811.00,,,,483.00,0.00,207.00,1,1,07.04.2026,????????? ??????????,2026-04-07 10:37:06,?????????? ?????????? ??????,BUDs 2,07.04.2026,??????,2121.00,76802,13.04.2026,1382976351,06.04.2026,690,???????? ??????,,,,,,,,,,,,,,,,,,,,,,,,,,,,,,,,,,,,,,,,
187548892,FBS,216423567,BUDs 2,772351919217,42137076/25,,56271602434,56271602434,20.04.2026,??????? ???????,Hrez-bel-7,????? ?????? ???????? - ??? ????? ????? ?????? ?? ???????? ????????? ?????? ?????,2421.00,2421.00,,,,181.00,0.00,0.00,1,1,20.04.2026,????????? ??????????,2026-04-20 20:32:14,?????????? ?????????? ??????,BUDs 2,20.04.2026,??????,2240.00,,,,,181,???????? ??????,,,,,,,,,,,,,,,,,,,,,,,,,,,,,,,,,,,,,,,,
187548892,FBS,216423567,BUDs 2,772351919217,42137076/25,,55597910785,55597910785,31.03.2026,??????? ???????,Hrez-sir-5,????????? ??????????  ?????? ????? ????? ?????? ?? ???????? ?????????,3763.00,3763.00,,,,636.00,0.00,0.00,1,1,31.03.2026,????????? ??????????,2026-03-31 15:54:07,?????????? ?????????? ??????,BUDs 2,31.03.2026,???????,3127.00,56433,06.04.2026,1375083394,31.03.2026,636,???????? ??????,,,,,,,,,,,,,,,,,,,,,,,,,,,,,,,,,,,,,,,,
187548892,FBS,216423567,BUDs 2,772351919217,42137076/25,,56104052994,56104052994,15.04.2026,??????? ???????,Sharm-40-33,????? ????? ?????? ?? 33 ??? ????? ??????? ????????? ????? ? ??????? ????????,7945.00,7945.00,,,,3647.00,0.00,0.00,1,1,15.04.2026,????????? ??????????,2026-04-15 13:34:12,?????????? ?????????? ??????,BUDs 2,15.04.2026,??????,4298.00,,,,,3647,???????? ??????,,,,,,,,,,,,,,,,,,,,,,,,,,,,,,,,,,,,,,,,
187548892,FBS,216423567,BUDs 2,772351919217,42137076/25,,55877764482,55877764482,08.04.2026,??????? ???????,Hrez-sir-5-dub,????????? ??????????  ?????? ????? ????? ?????? ?? ???????? ?????????,3105.00,3105.00,,,,890.00,0.00,0.00,1,1,08.04.2026,????????? ??????????,2026-04-08 16:20:23,??????.????? (??????????),BUDs 2,08.04.2026,??????,2215.00,98708,20.04.2026,1384941876,08.04.2026,890,???????? ??????,,,,,,,,,,,,,,,,,,,,,,,,,,,,,,,,,,,,,,,,
187548892,FBS,216423567,BUDs 2,772351919217,42137076/25,,56000396547,56000396547,12.04.2026,??????? ???????,Hrez-bel-7,????? ?????? ???????? - ??? ????? ????? ?????? ?? ???????? ????????? ?????? ?????,2709.00,2709.00,,,,753.00,0.00,0.00,,1,,???????,2026-04-12 00:40:33,?????????? ?????????? ??????,BUDs 2,12.04.2026,??????,1956.00,,,,,,,,,,,,,,,,,,,,,,-1956.00,,,,,,,,,,,,,,,,,,,,,,,,
187548892,FBS,216423567,BUDs 2,772351919217,42137076/25,,56247731136,56247731136,19.04.2026,??????? ???????,Alst-60-mix-29,????? ????? ?????? ????? ????????????  ????? ?????? ? ?????? ???????!,5921.00,5921.00,,,,1333.00,0.00,0.00,1,1,19.04.2026,????????? ??????????,2026-04-19 21:19:37,?????????? ?????????? ??????,BUDs 2,19.04.2026,??????,4588.00,,,,,1333,???????? ??????,,,,,,,,,,,,,,,,,,,,,,,,,,,,,,,,,,,,,,,,
187548892,FBS,216423567,BUDs 2,772351919217,42137076/25,,56172019267,56172019267,17.04.2026,??????? ???????,Alst-50-mix-13,"????????? ""???? ????????????"", ?? ???????, ?????? 50 ??, ????????",4922.00,4922.00,,,,1738.00,0.00,0.00,,1,,???????,2026-04-17 11:14:29,?????????? ?????????? ??????,BUDs 2,17.04.2026,????????,3184.00,,,,,,,,,,,,,,,,,,,,,,-3184.00,,,,,,,,,,,,,,,,,,,,,,,,
187548892,FBS,216423567,BUDs 2,772351919217,42137076/25,,56071162115,56071162115,14.04.2026,??????? ???????,Alst-60-mix-15,????? ????? ?????? ????? ????????????  ????? ?????? ? ?????? ???????!,3240.00,3240.00,,,,521.00,0.00,0.00,1,1,14.04.2026,????????? ??????????,2026-04-14 16:43:12,?????????? ?????????? ??????,BUDs 2,14.04.2026,??????,2719.00,98708,20.04.2026,1392228440,14.04.2026,521,???????? ??????,,,,,,,,,,,,,,,,,,,,,,,,,,,,,,,,,,,,,,,,
187548892,FBS,216423567,BUDs 2,772351919217,42137076/25,,56176011072,56176011072,17.04.2026,??????? ???????,Alst-60-mix-9,????? ????? ?????? ?? ????? ???????????? ????????????,1962.00,1962.00,,,,171.00,0.00,0.00,1,1,17.04.2026,????????? ??????????,2026-04-17 15:25:14,?????????? ?????????? ??????,BUDs 2,17.04.2026,????????,1791.00,,,,,171,???????? ??????,,,,,,,,,,,,,,,,,,,,,,,,,,,,,,,,,,,,,,,,
187548892,FBS,216423567,BUDs 2,772351919217,42137076/25,,56042101634,56042101634,13.04.2026,??????? ???????,Alst-60-mix-7,"????????? ""???? ????????????"", ?? ???????, ?????? 60 ??, ????????",2600.00,2600.00,,,,655.00,0.00,0.00,1,1,13.04.2026,????????? ??????????,2026-04-13 15:46:05,?????????? ?????????? ??????,BUDs 2,13.04.2026,??????,1945.00,98708,20.04.2026,1390843684,13.04.2026,655,???????? ??????,,,,,,,,,,,,,,,,,,,,,,,,,,,,,,,,,,,,,,,,
187548892,FBS,216423567,BUDs 2,772351919217,42137076/25,,55597101505,55597101505,31.03.2026,??????? ???????,Alst-50-mix-13,"????????? ""???? ????????????"", ?? ???????, ?????? 50 ??, ????????",5163.00,5163.00,,,,2011.00,0.00,0.00,1,1,31.03.2026,????????? ??????????,2026-03-31 19:30:12,?????????? ?????????? ??????,BUDs 2,31.03.2026,??????,3152.00,56433,06.04.2026,1375051442,31.03.2026,2011,???????? ??????,,,,,,,,,,,,,,,,,,,,,,,,,,,,,,,,,,,,,,,,
187548892,FBS,216423567,BUDs 2,772351919217,42137076/25,,56272034560,56272034560,20.04.2026,??????? ???????,Rodos-40-17-E,"????? ????? ?????? ?? 17 ??? ????? ???????? ????? ? ??????????? ?????????, ??????? 40 ??",3319.00,3319.00,,,,719.00,0.00,0.00,1,1,20.04.2026,????????? ??????????,2026-04-20 19:30:33,?????????? ?????????? ??????,BUDs 2,20.04.2026,???????,2600.00,,,,,719,???????? ??????,,,,,,,,,,,,,,,,,,,,,,,,,,,,,,,,,,,,,,,,
187548892,FBS,216423567,BUDs 2,772351919217,42137076/25,,55592159874,55592159874,31.03.2026,??????? ???????,Alst-60-mix-7,"????????? ""???? ????????????"", ?? ???????, ?????? 60 ??, ????????",2103.00,2103.00,,,,613.00,0.00,0.00,,1,,???????,2026-03-31 11:48:04,?????????? ?????????? ??????,BUDs 2,01.04.2026,???????,1490.00,,,,,,,,,,,,,,,,,,,,,,-1490.00,,,,,,,,,,,,,,,,,,,,,,,,
187548892,FBS,216423567,BUDs 2,772351919217,42137076/25,,56070383105,56070383105,14.04.2026,??????? ???????,Diantus-roz/eucal-25_,????? ????? ?????? ?? 25 ????????? (???????) ?????????? ???????? ????? ? ?????????? ? ??????? ????????,6338.00,6338.00,,,,2117.00,0.00,0.00,1,1,15.04.2026,????????? ??????????,2026-04-15 12:59:04,??????.????? (??????????),BUDs 2,15.04.2026,??????,4221.00,,,,,2117,???????? ??????,,,,,,,,,,,,,,,,,,,,,,,,,,,,,,,,,,,,,,,,
187548892,FBS,216423567,BUDs 2,772351919217,42137076/25,,56279390592,56279390592,20.04.2026,??????? ???????,Diantus-brut-17,????? ????? ?????? ?? 17 ????? ??????? ??????? ????? ? ??????? ????????,4879.00,4879.00,,,,1718.00,0.00,0.00,1,1,21.04.2026,????????? ??????????,2026-04-21 12:28:24,?????????? ?????????? ??????,BUDs 2,21.04.2026,??????,3161.00,,,,,1718,???????? ??????,,,,,,,,,,,,,,,,,,,,,,,,,,,,,,,,,,,,,,,,
187548892,FBS,216423567,BUDs 2,772351919217,42137076/25,,56089754178,56089754178,14.04.2026,??????? ???????,Alst-60-mix-19,????? ????? ?????? ????? ????????????  ????? ?????? ? ?????? ???????!,3989.00,3989.00,,,,784.00,0.00,0.00,1,1,15.04.2026,????????? ??????????,2026-04-15 12:41:32,?????????? ?????????? ??????,BUDs 2,15.04.2026,??????,3205.00,,,,,784,???????? ??????,,,,,,,,,,,,,,,,,,,,,,,,,,,,,,,,,,,,,,,,
187548892,FBS,216423567,BUDs 2,772351919217,42137076/25,,55939302979,55939302979,10.04.2026,??????? ???????,Alst-60-mix-23,????? ????? ?????? ????? ????????????  ????? ?????? ? ?????? ???????!,5080.00,5080.00,,,,1396.00,0.00,0.00,1,1,10.04.2026,????????? ??????????,2026-04-10 10:58:16,?????????? ?????????? ??????,BUDs 2,10.04.2026,??????,3684.00,98708,20.04.2026,1387229905,10.04.2026,1396,???????? ??????,,,,,,,,,,,,,,,,,,,,,,,,,,,,,,,,,,,,,,,,
187548892,FBS,216423567,BUDs 2,772351919217,42137076/25,,55431793152,55431793152,26.03.2026,??????? ???????,Hrez-bel-5,????? ?????? ???????? - ??? ????? ????? ?????? ?? ???????? ????????? ?????? ?????,2459.00,2459.00,,,,282.00,0.00,0.00,1,1,26.03.2026,????????? ??????????,2026-03-26 13:26:23,??????.????? (??????????),BUDs 2,26.03.2026,???????,2177.00,56433,06.04.2026,1368893978,26.03.2026,282,???????? ??????,,,,,,,,,,,,,,,,,,,,,,,,,,,,,,,,,,,,,,,,
187548892,FBS,216423567,BUDs 2,772351919217,42137076/25,,56018784000,56018784000,12.04.2026,??????? ???????,Sharm-40-25-E,????? ????? ?????? ?? 25 ???? ????? ??????? ????????? ????? ? ??????????? ????????? ? ??????? ????????,6055.00,6055.00,,,,1426.00,0.00,0.00,1,1,13.04.2026,????????? ??????????,2026-04-13 11:19:43,?????????? ?????????? ??????,BUDs 2,13.04.2026,???????,4629.00,98708,20.04.2026,1390059063,12.04.2026,1426,???????? ??????,,,,,,,,,,,,,,,,,,,,,,,,,,,,,,,,,,,,,,,,
187548892,FBS,216423567,BUDs 2,772351919217,42137076/25,,56035471552,56035471552,13.04.2026,??????? ???????,Alst-60-mix-21,????? ????? ?????? ????? ????????????  ????? ?????? ? ?????? ???????!,5002.00,5002.00,,,,1277.00,0.00,0.00,1,1,13.04.2026,????????? ??????????,2026-04-13 15:13:56,?????????? ?????????? ??????,BUDs 2,13.04.2026,??????,3725.00,98708,20.04.2026,1390670684,13.04.2026,1277,???????? ??????,,,,,,,,,,,,,,,,,,,,,,,,,,,,,,,,,,,,,,,,
187548892,FBS,216423567,BUDs 2,772351919217,42137076/25,,56316413441,56316413441,21.04.2026,??????? ???????,Hrez-sir-5-dub,????????? ??????????  ?????? ????? ????? ?????? ?? ???????? ?????????,2605.00,2605.00,,,,287.00,0.00,0.00,1,1,22.04.2026,????????? ??????????,2026-04-22 11:21:00,?????????? ?????????? ??????,BUDs 2,22.04.2026,??????,2318.00,,,,,287,???????? ??????,,,,,,,,,,,,,,,,,,,,,,,,,,,,,,,,,,,,,,,,
187548892,FBS,216423567,BUDs 2,772351919217,42137076/25,,55955848576,55955848576,10.04.2026,??????? ???????,Hrez-bel-7,????? ?????? ???????? - ??? ????? ????? ?????? ?? ???????? ????????? ?????? ?????,2698.00,2698.00,,,,682.00,0.00,0.00,1,1,11.04.2026,????????? ??????????,2026-04-11 12:16:40,?????????? ?????????? ??????,BUDs 2,11.04.2026,??????,2016.00,98708,20.04.2026,1388488532,11.04.2026,682,???????? ??????,,,,,,,,,,,,,,,,,,,,,,,,,,,,,,,,,,,,,,,,
187548892,FBS,216423567,BUDs 2,772351919217,42137076/25,,56085795267,56085795267,14.04.2026,??????? ???????,Alst-60-mix-11,????? ????? ?????? ?? ????? ???????????? ????????????,2566.00,2566.00,,,,251.00,0.00,0.00,1,1,15.04.2026,????????? ??????????,2026-04-15 11:05:42,??????.????? (??????????),BUDs 2,15.04.2026,??????,2315.00,,,,,251,???????? ??????,,,,,,,,,,,,,,,,,,,,,,,,,,,,,,,,,,,,,,,,
187548892,FBS,216423567,BUDs 2,772351919217,42137076/25,,56216112130,56216112130,18.04.2026,??????? ???????,Sharm-40-15,????? ????? ?????? ?? 15 ??? ????? ??????? ????????? ????? ? ??????? ????????,2783.00,2783.00,,,,419.00,0.00,0.00,1,1,19.04.2026,????????? ??????????,2026-04-19 20:29:03,??????? ??????? ????????,BUDs 2,19.04.2026,??????,2364.00,,,,,419,???????? ??????,,,,,,,,,,,,,,,,,,,,,,,,,,,,,,,,,,,,,,,,
187548892,FBS,216423567,BUDs 2,772351919217,42137076/25,,55909385024,55909385024,09.04.2026,??????? ???????,Alst-60-mix-15,????? ????? ?????? ????? ????????????  ????? ?????? ? ?????? ???????!,2984.00,2984.00,,,,661.00,0.00,1748.00,1,1,10.04.2026,????????? ??????????,2026-04-10 10:47:08,?????????? ?????????? ??????,BUDs 2,10.04.2026,???????,575.00,98708,20.04.2026,1386084399,09.04.2026,2409,???????? ??????,,,,,,,,,,,,,,,,,,,,,,,,,,,,,,,,,,,,,,,,
187548892,FBS,216423567,BUDs 2,772351919217,42137076/25,,55452252802,55452252802,26.03.2026,??????? ???????,Alst-60-mix-15,????? ????? ?????? ????? ????????????  ????? ?????? ? ?????? ???????!,3415.00,3415.00,,,,805.00,0.00,0.00,1,1,27.03.2026,????????? ??????????,2026-03-27 18:36:34,?????????? ?????????? ??????,BUDs 2,27.03.2026,??????,2610.00,56433,06.04.2026,1369682324,26.03.2026,805,???????? ??????,,,,,,,,,,,,,,,,,,,,,,,,,,,,,,,,,,,,,,,,
187548892,FBS,216423567,BUDs 2,772351919217,42137076/25,,55863215619,55863215619,07.04.2026,??????? ???????,Alst-60-mix-23,????? ????? ?????? ????? ????????????  ????? ?????? ? ?????? ???????!,5080.00,5080.00,,,,1009.00,0.00,0.00,1,1,08.04.2026,????????? ??????????,2026-04-08 13:15:14,??????.????? (??????????),BUDs 2,08.04.2026,??????,4071.00,98708,20.04.2026,1384485103,08.04.2026,1009,???????? ??????,,,,,,,,,,,,,,,,,,,,,,,,,,,,,,,,,,,,,,,,
187548892,FBS,216423567,BUDs 2,772351919217,42137076/25,,49302717954,49302717954,30.09.2025,??????? ???????,Deep_ purple-60-7,"????? ????? ??????, ?? 7 ??? ?????????? ????? ????? Deep purple ??????? 60 ??",2128.00,2128.00,,,,808.00,0.00,0.00,1,1,30.09.2025,????????? ??????????,2025-09-30 12:28:03,?????????? ?????????? ??????,BUDs 2,30.09.2025,???????,1320.00,762892,06.10.2025,1151302709,30.09.2025,808,???????? ??????,,,,,,,,,,,,,,,,,,,,,,,,,,,,,,,,,,,,,,,,
187548892,FBS,216423567,BUDs 2,772351919217,42137076/25,,55862855168,55862855168,07.04.2026,??????? ???????,Hrez-sir-9,????????? ??????????  ?????? ????? ????? ?????? ?? ???????? ?????????,6591.00,6591.00,,,,2575.00,0.00,0.00,1,1,08.04.2026,????????? ??????????,2026-04-08 17:04:00,??????.????? (??????????),BUDs 2,08.04.2026,???????,4016.00,98708,20.04.2026,1384473440,07.04.2026,2575,???????? ??????,,,,,,,,,,,,,,,,,,,,,,,,,,,,,,,,,,,,,,,,
187548892,FBS,216423567,BUDs 2,772351919217,42137076/25,,56181434881,56181434881,17.04.2026,??????? ???????,Rodos-40-17-E,"????? ????? ?????? ?? 17 ??? ????? ???????? ????? ? ??????????? ?????????, ??????? 40 ??",3319.00,3319.00,,,,812.00,0.00,0.00,,1,,???????,2026-04-18 09:09:06,?????????? ?????????? ??????,BUDs 2,18.04.2026,???????,2507.00,,,,,,,,,,,,,,,,,,,,,,-2507.00,,,,,,,,,,,,,,,,,,,,,,,,
187548892,FBS,216423567,BUDs 2,772351919217,42137076/25,,55520533379,55520533379,29.03.2026,??????? ???????,Alst-60-mix-27,????? ????? ?????? ????? ????????????  ????? ?????? ? ?????? ???????!,6434.00,6434.00,,,,2505.00,0.00,0.00,1,1,29.03.2026,????????? ??????????,2026-03-29 11:51:47,?????????? ?????????? ??????,BUDs 2,29.03.2026,?????????,3929.00,56433,06.04.2026,1372218930,29.03.2026,2505,???????? ??????,,,,,,,,,,,,,,,,,,,,,,,,,,,,,,,,,,,,,,,,
187548892,FBS,216423567,BUDs 2,772351919217,42137076/25,,55573252930,55573252930,30.03.2026,??????? ???????,Alst-60-mix-7,"????????? ""???? ????????????"", ?? ???????, ?????? 60 ??, ????????",2181.00,2181.00,,,,632.00,0.00,0.00,1,1,30.03.2026,????????? ??????????,2026-03-30 19:41:20,?????????? ?????????? ??????,BUDs 2,30.03.2026,??????,1549.00,56433,06.04.2026,1374284514,30.03.2026,632,???????? ??????,,,,,,,,,,,,,,,,,,,,,,,,,,,,,,,,,,,,,,,,
187548892,FBS,216423567,BUDs 2,772351919217,42137076/25,,55317130114,55317130114,22.03.2026,??????? ???????,Country Blues-50-7,"????? ????? ??????, ??????-???????? ????? ????? Country Blues ?? ??????????? ??? ??????? 50 ??",5046.00,5046.00,,,,2009.00,0.00,0.00,1,1,23.03.2026,????????? ??????????,2026-03-23 11:32:51,?????????? ?????????? ??????,BUDs 2,23.03.2026,??????,3037.00,56433,06.04.2026,1364784460,22.03.2026,2009,???????? ??????,,,,,,,,,,,,,,,,,,,,,,,,,,,,,,,,,,,,,,,,
187548892,FBS,216423567,BUDs 2,772351919217,42137076/25,,55933676227,55933676227,09.04.2026,??????? ???????,Sharm-40-15,????? ????? ?????? ?? 15 ??? ????? ??????? ????????? ????? ? ??????? ????????,2934.00,2934.00,,,,911.00,0.00,0.00,1,1,10.04.2026,????????? ??????????,2026-04-10 10:13:48,?????????? ?????????? ??????,BUDs 2,10.04.2026,???????????,2023.00,98708,20.04.2026,1387187087,10.04.2026,911,???????? ??????,,,,,,,,,,,,,,,,,,,,,,,,,,,,,,,,,,,,,,,,
187548892,FBS,216423567,BUDs 2,772351919217,42137076/25,,56160226881,56160226881,16.04.2026,??????? ???????,Sharm-40-23-E,????? ????? ?????? ?? 23 ??? ????? ??????? ????????? ????? ? ??????????? ????????? ? ??????? ????????,5278.00,5278.00,,,,1918.00,0.00,0.00,1,1,17.04.2026,????????? ??????????,2026-04-17 10:30:44,?????????? ?????????? ??????,BUDs 2,17.04.2026,???????,3360.00,,,,,1918,???????? ??????,,,,,,,,,,,,,,,,,,,,,,,,,,,,,,,,,,,,,,,,
187548892,FBS,216423567,BUDs 2,772351919217,42137076/25,,55986684610,55986684610,11.04.2026,??????? ???????,Sharm-40-15,????? ????? ?????? ?? 15 ??? ????? ??????? ????????? ????? ? ??????? ????????,2712.00,2712.00,,,,711.00,0.00,0.00,1,1,12.04.2026,????????? ??????????,2026-04-12 21:22:19,?????????? ?????????? ??????,BUDs 2,12.04.2026,???????,2001.00,98708,20.04.2026,1390329083,12.04.2026,711,???????? ??????,,,,,,,,,,,,,,,,,,,,,,,,,,,,,,,,,,,,,,,,
187548892,FBS,216423567,BUDs 2,772351919217,42137076/25,,55970165954,55970165954,11.04.2026,??????? ???????,Sharm-40-11-E,????? ????? ?????? ?? 11 ???? ????? ??????? ????????? ????? ? ??????????? ????????? ? ??????? ????????,2854.00,2854.00,,,,90.00,0.00,0.00,1,1,11.04.2026,????????? ??????????,2026-04-11 10:33:09,?????????? ?????????? ??????,BUDs 2,11.04.2026,??????,2764.00,98708,20.04.2026,1388268298,11.04.2026,90,???????? ??????,,,,,,,,,,,,,,,,,,,,,,,,,,,,,,,,,,,,,,,,
187548892,FBS,216423567,BUDs 2,772351919217,42137076/25,,56066675458,56066675458,14.04.2026,??????? ???????,Alst-60-mix-15,????? ????? ?????? ????? ????????????  ????? ?????? ? ?????? ???????!,2910.00,2910.00,,,,493.00,0.00,0.00,1,1,15.04.2026,????????? ??????????,2026-04-15 11:05:49,?????????? ?????????? ??????,BUDs 2,15.04.2026,??????,2417.00,,,,,493,???????? ??????,,,,,,,,,,,,,,,,,,,,,,,,,,,,,,,,,,,,,,,,
187548892,FBS,216423567,BUDs 2,772351919217,42137076/25,,56344102211,56344102211,22.04.2026,??????? ???????,Rodos-40-21,"????? ????? ?????? ?? 21 ???? ????? ???????? ?????, ??????? 40 ??",4089.00,4089.00,,,,1221.00,0.00,0.00,,1,,????????,2026-04-22 19:28:38,?????????? ?????????? ??????,BUDs 2,24.04.2026,??????,2868.00,,,,,1221,????? ???????? ??????,,,,,,,,,,,,,,,,,,,,,,,,,,,,,,,,,,,,,,,,
187548892,FBS,216423567,BUDs 2,772351919217,42137076/25,,56176117057,56176117057,17.04.2026,??????? ???????,Alst-60-mix-13,????? ????? ?????? ????? ????????????  ????? ?????? ? ?????? ???????!,5095.00,5095.00,,,,1816.00,0.00,0.00,1,1,17.04.2026,????????? ??????????,2026-04-17 16:38:18,?????????? ?????????? ??????,BUDs 2,17.04.2026,??????????,3279.00,,,,,1816,???????? ??????,,,,,,,,,,,,,,,,,,,,,,,,,,,,,,,,,,,,,,,,
187548892,FBS,216423567,BUDs 2,772351919217,42137076/25,,55643316290,55643316290,01.04.2026,??????? ???????,Alst-60-mix-7,"????????? ""???? ????????????"", ?? ???????, ?????? 60 ??, ????????",2181.00,2181.00,,,,693.00,0.00,0.00,1,1,02.04.2026,????????? ??????????,2026-04-02 21:41:02,?????????? ?????????? ??????,BUDs 2,02.04.2026,??????????,1488.00,76802,13.04.2026,1376706671,01.04.2026,693,???????? ??????,,,,,,,,,,,,,,,,,,,,,,,,,,,,,,,,,,,,,,,,
187548892,FBS,216423567,BUDs 2,772351919217,42137076/25,,56171788227,56171788227,17.04.2026,??????? ???????,Alst-60-mix-9,????? ????? ?????? ?? ????? ???????????? ????????????,1872.00,1872.00,,,,171.00,0.00,0.00,1,1,18.04.2026,????????? ??????????,2026-04-18 12:05:05,?????????? ?????????? ??????,BUDs 2,18.04.2026,??????,1701.00,,,,,171,???????? ??????,,,,,,,,,,,,,,,,,,,,,,,,,,,,,,,,,,,,,,,,
187548892,FBS,216423567,BUDs 2,772351919217,42137076/25,,55916004097,55916004097,09.04.2026,??????? ???????,Alst-60-mix-25,????? ????? ?????? ????? ????????????  ????? ?????? ? ?????? ???????!,4992.00,4992.00,,,,1079.00,0.00,0.00,1,1,09.04.2026,????????? ??????????,2026-04-09 21:59:57,?????????? ?????????? ??????,BUDs 2,09.04.2026,???????,3913.00,98708,20.04.2026,1386842669,09.04.2026,1079,???????? ??????,,,,,,,,,,,,,,,,,,,,,,,,,,,,,,,,,,,,,,,,
187548892,FBS,216423567,BUDs 2,772351919217,42137076/25,,56087171779,56087171779,14.04.2026,??????? ???????,Alst-60-mix-7,"????????? ""???? ????????????"", ?? ???????, ?????? 60 ??, ????????",2108.00,2108.00,,,,615.00,0.00,0.00,1,1,,??????? ??????? ???,2026-04-15 14:52:11,?????????? ?????????? ??????,BUDs 2,15.04.2026,??????,1493.00,,,,,,,,,,,,,,,,,,,,,,-1493.00,,,,,,,,,,,,,,,,,,,,,,,,
187548892,FBS,216423567,BUDs 2,772351919217,42137076/25,,55436643712,55436643712,26.03.2026,??????? ???????,Diantus-brut-17,????? ????? ?????? ?? 17 ????? ??????? ??????? ????? ? ??????? ????????,5015.00,5015.00,,,,1204.00,0.00,0.00,1,1,26.03.2026,????????? ??????????,2026-03-26 16:08:41,?????????? ?????????? ??????,BUDs 2,26.03.2026,??????,3811.00,56433,06.04.2026,1369169468,26.03.2026,1204,???????? ??????,,,,,,,,,,,,,,,,,,,,,,,,,,,,,,,,,,,,,,,,
187548892,FBS,216423567,BUDs 2,772351919217,42137076/25,,55971878786,55971878786,11.04.2026,??????? ???????,Hrez-bel-7,????? ?????? ???????? - ??? ????? ????? ?????? ?? ???????? ????????? ?????? ?????,3054.00,3054.00,,,,704.00,0.00,0.00,1,1,11.04.2026,????????? ??????????,2026-04-11 13:40:15,?????????? ?????????? ??????,BUDs 2,11.04.2026,???????????,2350.00,98708,20.04.2026,1388372655,11.04.2026,704,???????? ??????,,,,,,,,,,,,,,,,,,,,,,,,,,,,,,,,,,,,,,,,
187548892,FBS,216423567,BUDs 2,772351919217,42137076/25,,55347091907,55347091907,23.03.2026,??????? ???????,Sharm-40-33,????? ????? ?????? ?? 33 ??? ????? ??????? ????????? ????? ? ??????? ????????,8204.00,8204.00,,,,4301.00,0.00,0.00,1,1,24.03.2026,????????? ??????????,2026-03-24 16:10:38,?????????? ?????????? ??????,BUDs 2,24.03.2026,??????,3903.00,56433,06.04.2026,1365793993,23.03.2026,4301,???????? ??????,,,,,,,,,,,,,,,,,,,,,,,,,,,,,,,,,,,,,,,,
187548892,FBS,216423567,BUDs 2,772351919217,42137076/25,,56279395907,56279395907,20.04.2026,??????? ???????,Diantus-roz/eucal-15,????? ????? ?????? ?? 15 ????????? (???????) ?????????? ???????? ????? ? ?????????? ? ??????? ????????,4961.00,4961.00,,,,1965.00,0.00,0.00,1,1,21.04.2026,????????? ??????????,2026-04-21 11:44:24,?????????? ?????????? ??????,BUDs 2,21.04.2026,?????????,2996.00,,,,,1965,???????? ??????,,,,,,,,,,,,,,,,,,,,,,,,,,,,,,,,,,,,,,,,
187548892,FBS,216423567,BUDs 2,772351919217,42137076/25,,56212157763,56212157763,18.04.2026,??????? ???????,Alst-60-mix-7,"????????? ""???? ????????????"", ?? ???????, ?????? 60 ??, ????????",2108.00,2108.00,,,,538.00,0.00,0.00,,1,,???????,2026-04-18 17:37:52,?????????? ?????????? ??????,BUDs 2,18.04.2026,??????,1570.00,,,,,,,,,,,,,,,,,,,,,,-1570.00,,,,,,,,,,,,,,,,,,,,,,,,
187548892,FBS,216423567,BUDs 2,772351919217,42137076/25,,56010170946,56010170946,12.04.2026,??????? ???????,Alst-60-mix-11,????? ????? ?????? ?? ????? ???????????? ????????????,2482.00,2482.00,,,,171.00,0.00,0.00,1,1,12.04.2026,????????? ??????????,2026-04-12 14:00:28,?????????? ?????????? ??????,BUDs 2,12.04.2026,??????,2311.00,98708,20.04.2026,1389755951,12.04.2026,171,???????? ??????,,,,,,,,,,,,,,,,,,,,,,,,,,,,,,,,,,,,,,,,
187548892,FBS,216423567,BUDs 2,772351919217,42137076/25,,55809089088,55809089088,06.04.2026,??????? ???????,Hrez-sir-5-dub,????????? ??????????  ?????? ????? ????? ?????? ?? ???????? ?????????,2757.00,2757.00,,,,782.00,0.00,0.00,1,1,06.04.2026,????????? ??????????,2026-04-06 19:35:16,?????????? ?????????? ??????,BUDs 2,06.04.2026,??????,1975.00,76802,13.04.2026,1382445554,06.04.2026,782,???????? ??????,,,,,,,,,,,,,,,,,,,,,,,,,,,,,,,,,,,,,,,,
187548892,FBS,216423567,BUDs 2,772351919217,42137076/25,,56215849218,,18.04.2026,??????? ???????,Sharm-40-15,????? ????? ?????? ?? 15 ??? ????? ??????? ????????? ????? ? ??????? ????????,2783.00,2783.00,,,,419.00,0.00,0.00,,1,,???????,2026-04-18 20:05:05,??????? ??????? ????????,BUDs 2,19.04.2026,??????,,,,,,,,,,,,,,,,,,,,,,,,,,,,,,,,,,,,,,,,,,,,,,,
187548892,FBS,216423567,BUDs 2,772351919217,42137076/25,,56337764801,56337764801,22.04.2026,??????? ???????,Hrez-sir-5,????????? ??????????  ?????? ????? ????? ?????? ?? ???????? ?????????,2687.00,2687.00,,,,693.00,0.00,0.00,1,1,23.04.2026,????????? ??????????,2026-04-23 13:42:45,?????????? ?????????? ??????,BUDs 2,23.04.2026,??????,,,,,,,,,,,,,,,,,,,,,,,,,,,,,,,,,,,,,,,,,,,,,,,
187548892,FBS,216423567,BUDs 2,772351919217,42137076/25,,56278767426,56278767426,20.04.2026,??????? ???????,Sharm-40-23-E,????? ????? ?????? ?? 23 ??? ????? ??????? ????????? ????? ? ??????????? ????????? ? ??????? ????????,4950.00,4950.00,,,,2000.00,0.00,0.00,1,1,20.04.2026,????????? ??????????,2026-04-20 21:29:53,?????????? ?????????? ??????,BUDs 2,20.04.2026,???????,2950.00,,,,,2000,???????? ??????,,,,,,,,,,,,,,,,,,,,,,,,,,,,,,,,,,,,,,,,
